{"max_network_wait": 10, "network_wait_for_all_actions": true, "wait_buffer": 0.2, "main_flow": {"0": {"operation_intent": "Click on the COLOR button in the top left section of the button grid", "locator": ["//android.widget.Button[@resource-id=\"com.lambdatest.proverbial:id/color\"]"], "operation_type": "CLICK", "value": "", "instruction_id": "8450f26195d14ea7bea6736e768ad909", "operation_id": "b3cbd8d1784540b4", "optional_flag": false, "max_retries": 0, "retries_delay": 0, "explicit_wait": 0, "implicit_wait": 0, "frame": "", "user_variables": "[]", "operation_start": "2026-01-13 00:31:16.300416", "operation_end": "2026-01-13 00:31:17.990103", "instruction_module_id": "", "instruction_module_name": "", "use_v2_mobile_tagging": false, "hard_assertion": false, "dialog_action": "", "dismiss_dialog": false, "is_coordinates_used_for_interaction": false, "element_coordinates_ratio": [], "element_bounds_ratio": [], "kaneaiMobileTaggingImageLimit": 1, "clicks_order_code": "se_js_ac", "selector": "", "selector_target": "", "manual_interaction_tag": "5n", "is_global_variable": false, "is_global_variable_persist": false, "global_variable_id": "", "mobile_browser": true, "wait_for_element_timeout": 0, "failure_condition": "", "parent_instruction_id": "", "version": "v2", "drag_offset": {}, "start_coordinates": {}, "end_coordinates": {}, "sub_instruction_obj": "{\"operation\": \"Click on the COLOR button in the top left section of the button grid\", \"thought\": \"The instruction requires click/input/change/sendkeys/drag_drop, which can be done by the Vision Agent.\", \"agent\": \"Vision Agent\", \"operation_dict\": {\"operation_type\": \"CLICK\"}}", "unresolved": false, "_original_index": 0, "global_operation_index": 0}, "1": {"operation_intent": "Click on the GEOLOCATION button in the middle top row", "locator": ["//android.widget.Button[@resource-id=\"com.lambdatest.proverbial:id/geoLocation\"]"], "operation_type": "CLICK", "value": "", "instruction_id": "993ded9293894d6e9bef6e6332dd00c3", "operation_id": "0608b96803d24f44", "optional_flag": false, "max_retries": 0, "retries_delay": 0, "explicit_wait": 0, "implicit_wait": 0, "frame": "", "user_variables": "[]", "operation_start": "2026-01-13 00:31:39.199797", "operation_end": "2026-01-13 00:31:40.497629", "instruction_module_id": "", "instruction_module_name": "", "use_v2_mobile_tagging": false, "hard_assertion": false, "dialog_action": "", "dismiss_dialog": false, "is_coordinates_used_for_interaction": false, "element_coordinates_ratio": [], "element_bounds_ratio": [], "kaneaiMobileTaggingImageLimit": 1, "clicks_order_code": "se_js_ac", "selector": "", "selector_target": "", "manual_interaction_tag": "1e", "is_global_variable": false, "is_global_variable_persist": false, "global_variable_id": "", "mobile_browser": true, "wait_for_element_timeout": 0, "failure_condition": "", "parent_instruction_id": "", "version": "v2", "drag_offset": {}, "start_coordinates": {}, "end_coordinates": {}, "sub_instruction_obj": "{\"operation\": \"Click on the GEOLOCATION button in the middle top row\", \"thought\": \"The instruction requires click/input/change/sendkeys/drag_drop, which can be done by the Vision Agent.\", \"agent\": \"Vision Agent\", \"operation_dict\": {\"operation_type\": \"CLICK\"}}", "unresolved": false, "_original_index": 1, "global_operation_index": 1}, "2": {"operation_intent": "Click on the Home tab in the bottom navigation bar", "locator": ["//android.widget.TextView[@resource-id=\"com.lambdatest.proverbial:id/navigation_bar_item_large_label_view\"]"], "operation_type": "CLICK", "value": "", "instruction_id": "88bc5cd5c4a74294a016c04b746c12b7", "operation_id": "ddc3f0f002e547f5", "optional_flag": false, "max_retries": 0, "retries_delay": 0, "explicit_wait": 0, "implicit_wait": 0, "frame": "", "user_variables": "[]", "operation_start": "2026-01-13 00:31:43.115789", "operation_end": "2026-01-13 00:31:44.525838", "instruction_module_id": "", "instruction_module_name": "", "use_v2_mobile_tagging": false, "hard_assertion": false, "dialog_action": "", "dismiss_dialog": false, "is_coordinates_used_for_interaction": false, "element_coordinates_ratio": [], "element_bounds_ratio": [], "kaneaiMobileTaggingImageLimit": 1, "clicks_order_code": "se_js_ac", "selector": "", "selector_target": "", "manual_interaction_tag": "kt", "is_global_variable": false, "is_global_variable_persist": false, "global_variable_id": "", "mobile_browser": true, "wait_for_element_timeout": 0, "failure_condition": "", "parent_instruction_id": "", "version": "v2", "drag_offset": {}, "start_coordinates": {}, "end_coordinates": {}, "sub_instruction_obj": "{\"operation\": \"Click on the Home tab in the bottom navigation bar\", \"thought\": \"The instruction requires click/input/change/sendkeys/drag_drop, which can be done by the Vision Agent.\", \"agent\": \"Vision Agent\", \"operation_dict\": {\"operation_type\": \"CLICK\"}}", "unresolved": false, "_original_index": 2, "global_operation_index": 2}, "3": {"operation_intent": "Click on the Browser tab in the bottom navigation bar", "locator": ["//android.widget.FrameLayout[@content-desc=\"Browser\"]"], "operation_type": "CLICK", "value": "", "instruction_id": "d66fd910707c4743a2ad508c9a66adc7", "operation_id": "e3991c4262cc47c3", "optional_flag": false, "max_retries": 0, "retries_delay": 0, "explicit_wait": 0, "implicit_wait": 0, "frame": "", "user_variables": "[]", "operation_start": "2026-01-13 00:31:44.878727", "operation_end": "2026-01-13 00:31:46.300021", "instruction_module_id": "", "instruction_module_name": "", "use_v2_mobile_tagging": false, "hard_assertion": false, "dialog_action": "", "dismiss_dialog": false, "is_coordinates_used_for_interaction": false, "element_coordinates_ratio": [], "element_bounds_ratio": [], "kaneaiMobileTaggingImageLimit": 1, "clicks_order_code": "se_js_ac", "selector": "", "selector_target": "", "manual_interaction_tag": "bg", "is_global_variable": false, "is_global_variable_persist": false, "global_variable_id": "", "mobile_browser": true, "wait_for_element_timeout": 0, "failure_condition": "", "parent_instruction_id": "", "version": "v2", "drag_offset": {}, "start_coordinates": {}, "end_coordinates": {}, "sub_instruction_obj": "{\"operation\": \"Click on the Browser tab in the bottom navigation bar\", \"thought\": \"The instruction requires click/input/change/sendkeys/drag_drop, which can be done by the Vision Agent.\", \"agent\": \"Vision Agent\", \"operation_dict\": {\"operation_type\": \"CLICK\"}}", "unresolved": false, "_original_index": 3, "global_operation_index": 3}, "4": {"operation_intent": "Click on the search input field next to FIND button", "locator": ["//android.widget.EditText[@resource-id=\"com.lambdatest.proverbial:id/url\"]"], "operation_type": "CLICK", "value": "", "instruction_id": "9ec791288bed4d12bf052a4457de57ae", "operation_id": "e13dc296ef254a98", "optional_flag": false, "max_retries": 0, "retries_delay": 0, "explicit_wait": 0, "implicit_wait": 0, "frame": "", "user_variables": "[]", "operation_start": "2026-01-13 00:31:48.817768", "operation_end": "2026-01-13 00:31:50.048369", "instruction_module_id": "", "instruction_module_name": "", "use_v2_mobile_tagging": false, "hard_assertion": false, "dialog_action": "", "dismiss_dialog": false, "is_coordinates_used_for_interaction": false, "element_coordinates_ratio": [], "element_bounds_ratio": [], "kaneaiMobileTaggingImageLimit": 1, "clicks_order_code": "se_js_ac", "selector": "", "selector_target": "", "manual_interaction_tag": "ej", "is_global_variable": false, "is_global_variable_persist": false, "global_variable_id": "", "mobile_browser": true, "wait_for_element_timeout": 0, "failure_condition": "", "parent_instruction_id": "", "version": "v2", "drag_offset": {}, "start_coordinates": {}, "end_coordinates": {}, "sub_instruction_obj": "{\"operation\": \"Click on the search input field next to FIND button\", \"thought\": \"The instruction requires click/input/change/sendkeys/drag_drop, which can be done by the Vision Agent.\", \"agent\": \"Vision Agent\", \"operation_dict\": {\"operation_type\": \"CLICK\"}}", "unresolved": false, "_original_index": 4, "global_operation_index": 4}, "5": {"operation_intent": "Type 'hey'", "locator": [""], "operation_type": "TYPE", "value": "hey", "multiple_inputs": false, "instruction_id": "20a6375e36dc42709f5368dc877de782", "operation_id": "9da959817daf4ed4", "optional_flag": false, "max_retries": 0, "retries_delay": 0, "explicit_wait": 0, "implicit_wait": 0, "frame": "", "user_variables": "[]", "operation_start": "2026-01-13 00:31:50.626296", "operation_end": "2026-01-13 00:31:50.626604", "instruction_module_id": "", "instruction_module_name": "", "use_v2_mobile_tagging": false, "hard_assertion": false, "dialog_action": "", "dismiss_dialog": false, "is_coordinates_used_for_interaction": false, "element_coordinates_ratio": [], "element_bounds_ratio": [], "kaneaiMobileTaggingImageLimit": 1, "clicks_order_code": "se_js_ac", "selector": "", "selector_target": "", "manual_interaction_tag": "4y", "is_global_variable": false, "is_global_variable_persist": false, "global_variable_id": "", "mobile_browser": true, "wait_for_element_timeout": 0, "failure_condition": "", "parent_instruction_id": "", "version": "v2", "drag_offset": {}, "start_coordinates": {}, "end_coordinates": {}, "sub_instruction_obj": "{}", "unresolved": false, "_original_index": 5, "global_operation_index": 5}, "6": {"operation_intent": "Click on the 'FIND' button in the top right corner", "locator": ["//android.widget.Button[@resource-id=\"com.lambdatest.proverbial:id/find\"]"], "operation_type": "CLICK", "value": "", "instruction_id": "c89a2ca2202a49b0bfe665832b9afd23", "operation_id": "ac7a8333146a4a61", "optional_flag": false, "max_retries": 0, "retries_delay": 0, "explicit_wait": 0, "implicit_wait": 0, "frame": "", "user_variables": "[]", "operation_start": "2026-01-13 00:31:54.938404", "operation_end": "2026-01-13 00:31:56.334258", "instruction_module_id": "", "instruction_module_name": "", "use_v2_mobile_tagging": false, "hard_assertion": false, "dialog_action": "", "dismiss_dialog": false, "is_coordinates_used_for_interaction": false, "element_coordinates_ratio": [], "element_bounds_ratio": [], "kaneaiMobileTaggingImageLimit": 1, "clicks_order_code": "se_js_ac", "selector": "", "selector_target": "", "manual_interaction_tag": "mp", "is_global_variable": false, "is_global_variable_persist": false, "global_variable_id": "", "mobile_browser": true, "wait_for_element_timeout": 0, "failure_condition": "", "parent_instruction_id": "", "version": "v2", "drag_offset": {}, "start_coordinates": {}, "end_coordinates": {}, "sub_instruction_obj": "{\"operation\": \"Click on the 'FIND' button in the top right corner\", \"thought\": \"The instruction requires click/input/change/sendkeys/drag_drop, which can be done by the Vision Agent.\", \"agent\": \"Vision Agent\", \"operation_dict\": {\"operation_type\": \"CLICK\"}}", "unresolved": false, "_original_index": 6, "global_operation_index": 6}, "7": {"operation_intent": "Click on the Home button in the bottom navigation bar", "locator": ["//android.widget.FrameLayout[@content-desc=\"Home\"]"], "operation_type": "CLICK", "value": "", "instruction_id": "99a1f2c8dd5147108686d8c8f508b669", "operation_id": "f646e5f6cf24441b", "optional_flag": false, "max_retries": 0, "retries_delay": 0, "explicit_wait": 0, "implicit_wait": 0, "frame": "", "user_variables": "[]", "operation_start": "2026-01-13 00:31:58.640839", "operation_end": "2026-01-13 00:31:59.899783", "instruction_module_id": "", "instruction_module_name": "", "use_v2_mobile_tagging": false, "hard_assertion": false, "dialog_action": "", "dismiss_dialog": false, "is_coordinates_used_for_interaction": false, "element_coordinates_ratio": [], "element_bounds_ratio": [], "kaneaiMobileTaggingImageLimit": 1, "clicks_order_code": "se_js_ac", "selector": "", "selector_target": "", "manual_interaction_tag": "2h", "is_global_variable": false, "is_global_variable_persist": false, "global_variable_id": "", "mobile_browser": true, "wait_for_element_timeout": 0, "failure_condition": "", "parent_instruction_id": "", "version": "v2", "drag_offset": {}, "start_coordinates": {}, "end_coordinates": {}, "sub_instruction_obj": "{\"operation\": \"Click on the Home button in the bottom navigation bar\", \"thought\": \"The instruction requires click/input/change/sendkeys/drag_drop, which can be done by the Vision Agent.\", \"agent\": \"Vision Agent\", \"operation_dict\": {\"operation_type\": \"CLICK\"}}", "unresolved": false, "_original_index": 7, "global_operation_index": 7}, "8": {"operation_intent": "Click on the 'TEXT' button in the middle left", "locator": ["//android.widget.Button[@resource-id=\"com.lambdatest.proverbial:id/Text\"]"], "operation_type": "CLICK", "value": "", "instruction_id": "d48db66e010c41809f04fd168ec19d4b", "operation_id": "acc05b7e3e354043", "optional_flag": false, "max_retries": 0, "retries_delay": 0, "explicit_wait": 0, "implicit_wait": 0, "frame": "", "user_variables": "[]", "operation_start": "2026-01-13 00:32:02.996973", "operation_end": "2026-01-13 00:32:04.315326", "instruction_module_id": "", "instruction_module_name": "", "use_v2_mobile_tagging": false, "hard_assertion": false, "dialog_action": "", "dismiss_dialog": false, "is_coordinates_used_for_interaction": false, "element_coordinates_ratio": [], "element_bounds_ratio": [], "kaneaiMobileTaggingImageLimit": 1, "clicks_order_code": "se_js_ac", "selector": "", "selector_target": "", "manual_interaction_tag": "gj", "is_global_variable": false, "is_global_variable_persist": false, "global_variable_id": "", "mobile_browser": true, "wait_for_element_timeout": 0, "failure_condition": "", "parent_instruction_id": "", "version": "v2", "drag_offset": {}, "start_coordinates": {}, "end_coordinates": {}, "sub_instruction_obj": "{\"operation\": \"Click on the 'TEXT' button in the middle left\", \"thought\": \"The instruction requires click/input/change/sendkeys/drag_drop, which can be done by the Vision Agent.\", \"agent\": \"Vision Agent\", \"operation_dict\": {\"operation_type\": \"CLICK\"}}", "unresolved": false, "_original_index": 8, "global_operation_index": 8}, "9": {"operation_intent": "Click on the TEXT button in the left middle section", "locator": ["//android.widget.Button[@resource-id=\"com.lambdatest.proverbial:id/Text\"]"], "operation_type": "CLICK", "value": "", "instruction_id": "7c18f8b6a73e4eea809d19f716b4aed8", "operation_id": "b3c841fb3bb24725", "optional_flag": false, "max_retries": 0, "retries_delay": 0, "explicit_wait": 0, "implicit_wait": 0, "frame": "", "user_variables": "[]", "operation_start": "2026-01-13 00:32:04.417117", "operation_end": "2026-01-13 00:32:05.751641", "instruction_module_id": "", "instruction_module_name": "", "use_v2_mobile_tagging": false, "hard_assertion": false, "dialog_action": "", "dismiss_dialog": false, "is_coordinates_used_for_interaction": false, "element_coordinates_ratio": [], "element_bounds_ratio": [], "kaneaiMobileTaggingImageLimit": 1, "clicks_order_code": "se_js_ac", "selector": "", "selector_target": "", "manual_interaction_tag": "n4", "is_global_variable": false, "is_global_variable_persist": false, "global_variable_id": "", "mobile_browser": true, "wait_for_element_timeout": 0, "failure_condition": "", "parent_instruction_id": "", "version": "v2", "drag_offset": {}, "start_coordinates": {}, "end_coordinates": {}, "sub_instruction_obj": "{\"operation\": \"Click on the TEXT button in the left middle section\", \"thought\": \"The instruction requires click/input/change/sendkeys/drag_drop, which can be done by the Vision Agent.\", \"agent\": \"Vision Agent\", \"operation_dict\": {\"operation_type\": \"CLICK\"}}", "unresolved": false, "_original_index": 9, "global_operation_index": 9}, "10": {"operation_intent": "Click on the 'TEXT' button in the middle left", "locator": ["//android.widget.Button[@resource-id=\"com.lambdatest.proverbial:id/Text\"]"], "operation_type": "CLICK", "value": "", "instruction_id": "d547bd00585a49fb94925ed87b03bebc", "operation_id": "0c2f8bb65a244436", "optional_flag": false, "max_retries": 0, "retries_delay": 0, "explicit_wait": 0, "implicit_wait": 0, "frame": "", "user_variables": "[]", "operation_start": "2026-01-13 00:32:06.378149", "operation_end": "2026-01-13 00:32:07.678067", "instruction_module_id": "", "instruction_module_name": "", "use_v2_mobile_tagging": false, "hard_assertion": false, "dialog_action": "", "dismiss_dialog": false, "is_coordinates_used_for_interaction": false, "element_coordinates_ratio": [], "element_bounds_ratio": [], "kaneaiMobileTaggingImageLimit": 1, "clicks_order_code": "se_js_ac", "selector": "", "selector_target": "", "manual_interaction_tag": "zd", "is_global_variable": false, "is_global_variable_persist": false, "global_variable_id": "", "mobile_browser": true, "wait_for_element_timeout": 0, "failure_condition": "", "parent_instruction_id": "", "version": "v2", "drag_offset": {}, "start_coordinates": {}, "end_coordinates": {}, "sub_instruction_obj": "{\"operation\": \"Click on the 'TEXT' button in the middle left\", \"thought\": \"The instruction requires click/input/change/sendkeys/drag_drop, which can be done by the Vision Agent.\", \"agent\": \"Vision Agent\", \"operation_dict\": {\"operation_type\": \"CLICK\"}}", "unresolved": false, "_original_index": 10, "global_operation_index": 10}, "11": {"operation_intent": "Click on the NOTIFICATION button in the middle right", "locator": ["//android.widget.Button[@resource-id=\"com.lambdatest.proverbial:id/notification\"]"], "operation_type": "CLICK", "value": "", "instruction_id": "069364c52e814f9195d2d4e95211e464", "operation_id": "c5ed13d984634269", "optional_flag": false, "max_retries": 0, "retries_delay": 0, "explicit_wait": 0, "implicit_wait": 0, "frame": "", "user_variables": "[]", "operation_start": "2026-01-13 00:32:07.695757", "operation_end": "2026-01-13 00:32:11.678900", "instruction_module_id": "", "instruction_module_name": "", "use_v2_mobile_tagging": false, "hard_assertion": false, "dialog_action": "", "dismiss_dialog": false, "is_coordinates_used_for_interaction": false, "element_coordinates_ratio": [], "element_bounds_ratio": [], "kaneaiMobileTaggingImageLimit": 1, "clicks_order_code": "se_js_ac", "selector": "", "selector_target": "", "manual_interaction_tag": "sg", "is_global_variable": false, "is_global_variable_persist": false, "global_variable_id": "", "mobile_browser": true, "wait_for_element_timeout": 0, "failure_condition": "", "parent_instruction_id": "", "version": "v2", "drag_offset": {}, "start_coordinates": {}, "end_coordinates": {}, "sub_instruction_obj": "{\"operation\": \"Click on the NOTIFICATION button in the middle right\", \"thought\": \"The instruction requires click/input/change/sendkeys/drag_drop, which can be done by the Vision Agent.\", \"agent\": \"Vision Agent\", \"operation_dict\": {\"operation_type\": \"CLICK\"}}", "unresolved": false, "_original_index": 11, "global_operation_index": 11}, "12": {"operation_intent": "Click on the Allow button in notification permission popup", "locator": ["//android.widget.Button[@resource-id=\"com.android.permissioncontroller:id/permission_allow_button\"]"], "operation_type": "CLICK", "value": "", "instruction_id": "2201743a97bb4ae68f8861a4076c4a52", "operation_id": "4a2e86d2aaae472e", "optional_flag": false, "max_retries": 0, "retries_delay": 0, "explicit_wait": 0, "implicit_wait": 0, "frame": "", "user_variables": "[]", "operation_start": "2026-01-13 00:32:09.889776", "operation_end": "2026-01-13 00:32:11.631598", "instruction_module_id": "", "instruction_module_name": "", "use_v2_mobile_tagging": false, "hard_assertion": false, "dialog_action": "", "dismiss_dialog": false, "is_coordinates_used_for_interaction": false, "element_coordinates_ratio": [], "element_bounds_ratio": [], "kaneaiMobileTaggingImageLimit": 1, "clicks_order_code": "se_js_ac", "selector": "", "selector_target": "", "manual_interaction_tag": "gy", "is_global_variable": false, "is_global_variable_persist": false, "global_variable_id": "", "mobile_browser": true, "wait_for_element_timeout": 0, "failure_condition": "", "parent_instruction_id": "", "version": "v2", "drag_offset": {}, "start_coordinates": {}, "end_coordinates": {}, "sub_instruction_obj": "{\"operation\": \"Click on the Allow button in notification permission popup\", \"thought\": \"The instruction requires click/input/change/sendkeys/drag_drop, which can be done by the Vision Agent.\", \"agent\": \"Vision Agent\", \"operation_dict\": {\"operation_type\": \"CLICK\"}}", "unresolved": false, "_original_index": 12, "global_operation_index": 12}, "13": {"operation_intent": "Click on the SPEED TEST button in the middle right section", "locator": ["//android.widget.Button[@resource-id=\"com.lambdatest.proverbial:id/speedTest\"]"], "operation_type": "CLICK", "value": "", "instruction_id": "a7c999af522e4f29bd480a768b3875e6", "operation_id": "080407a0cd9b4524", "optional_flag": false, "max_retries": 0, "retries_delay": 0, "explicit_wait": 0, "implicit_wait": 0, "frame": "", "user_variables": "[]", "operation_start": "2026-01-13 00:32:11.430070", "operation_end": "2026-01-13 00:32:12.804457", "instruction_module_id": "", "instruction_module_name": "", "use_v2_mobile_tagging": false, "hard_assertion": false, "dialog_action": "", "dismiss_dialog": false, "is_coordinates_used_for_interaction": false, "element_coordinates_ratio": [], "element_bounds_ratio": [], "kaneaiMobileTaggingImageLimit": 1, "clicks_order_code": "se_js_ac", "selector": "", "selector_target": "", "manual_interaction_tag": "ow", "is_global_variable": false, "is_global_variable_persist": false, "global_variable_id": "", "mobile_browser": true, "wait_for_element_timeout": 0, "failure_condition": "", "parent_instruction_id": "", "version": "v2", "drag_offset": {}, "start_coordinates": {}, "end_coordinates": {}, "sub_instruction_obj": "{\"operation\": \"Click on the SPEED TEST button in the middle right section\", \"thought\": \"The instruction requires click/input/change/sendkeys/drag_drop, which can be done by the Vision Agent.\", \"agent\": \"Vision Agent\", \"operation_dict\": {\"operation_type\": \"CLICK\"}}", "unresolved": false, "_original_index": 13, "global_operation_index": 13}, "14": {"operation_intent": "Click on the input field next to FIND button", "locator": ["//android.widget.EditText[@resource-id=\"com.lambdatest.proverbial:id/url\"]"], "operation_type": "CLICK", "value": "", "instruction_id": "bd2cce6a24834c5c80c0d2e7e073520f", "operation_id": "90856c9f24f649a0", "optional_flag": false, "max_retries": 0, "retries_delay": 0, "explicit_wait": 0, "implicit_wait": 0, "frame": "", "user_variables": "[]", "operation_start": "2026-01-13 00:32:13.165278", "operation_end": "2026-01-13 00:32:14.380163", "instruction_module_id": "", "instruction_module_name": "", "use_v2_mobile_tagging": false, "hard_assertion": false, "dialog_action": "", "dismiss_dialog": false, "is_coordinates_used_for_interaction": false, "element_coordinates_ratio": [], "element_bounds_ratio": [], "kaneaiMobileTaggingImageLimit": 1, "clicks_order_code": "se_js_ac", "selector": "", "selector_target": "", "manual_interaction_tag": "da", "is_global_variable": false, "is_global_variable_persist": false, "global_variable_id": "", "mobile_browser": true, "wait_for_element_timeout": 0, "failure_condition": "", "parent_instruction_id": "", "version": "v2", "drag_offset": {}, "start_coordinates": {}, "end_coordinates": {}, "sub_instruction_obj": "{\"operation\": \"Click on the input field next to FIND button\", \"thought\": \"The instruction requires click/input/change/sendkeys/drag_drop, which can be done by the Vision Agent.\", \"agent\": \"Vision Agent\", \"operation_dict\": {\"operation_type\": \"CLICK\"}}", "unresolved": false, "_original_index": 14, "global_operation_index": 14}, "15": {"operation_intent": "Click on the Home button in the bottom navigation bar", "locator": ["//android.widget.FrameLayout[@content-desc=\"Home\"]"], "operation_type": "CLICK", "value": "", "instruction_id": "18e5f70837894cf2963b19512d2710a2", "operation_id": "8e97cac73b4b4a6c", "optional_flag": false, "max_retries": 0, "retries_delay": 0, "explicit_wait": 0, "implicit_wait": 0, "frame": "", "user_variables": "[]", "operation_start": "2026-01-13 00:32:20.222805", "operation_end": "2026-01-13 00:32:21.841023", "instruction_module_id": "", "instruction_module_name": "", "use_v2_mobile_tagging": false, "hard_assertion": false, "dialog_action": "", "dismiss_dialog": false, "is_coordinates_used_for_interaction": false, "element_coordinates_ratio": [], "element_bounds_ratio": [], "kaneaiMobileTaggingImageLimit": 1, "clicks_order_code": "se_js_ac", "selector": "", "selector_target": "", "manual_interaction_tag": "y4", "is_global_variable": false, "is_global_variable_persist": false, "global_variable_id": "", "mobile_browser": true, "wait_for_element_timeout": 0, "failure_condition": "", "parent_instruction_id": "", "version": "v2", "drag_offset": {}, "start_coordinates": {}, "end_coordinates": {}, "sub_instruction_obj": "{\"operation\": \"Click on the Home button in the bottom navigation bar\", \"thought\": \"The instruction requires click/input/change/sendkeys/drag_drop, which can be done by the Vision Agent.\", \"agent\": \"Vision Agent\", \"operation_dict\": {\"operation_type\": \"CLICK\"}}", "unresolved": false, "_original_index": 15, "global_operation_index": 15}, "16": {"operation_intent": "Click on the SPEED TEST button in the bottom right section of the button grid", "locator": ["//android.widget.Button[@resource-id=\"com.lambdatest.proverbial:id/speedTest\"]"], "operation_type": "CLICK", "value": "", "instruction_id": "bfa89400ce024490b80a0e8bedd000ff", "operation_id": "fcf020a9eedd44be", "optional_flag": false, "max_retries": 0, "retries_delay": 0, "explicit_wait": 0, "implicit_wait": 0, "frame": "", "user_variables": "[]", "operation_start": "2026-01-13 00:32:22.256636", "operation_end": "2026-01-13 00:32:24.773286", "instruction_module_id": "", "instruction_module_name": "", "use_v2_mobile_tagging": false, "hard_assertion": false, "dialog_action": "", "dismiss_dialog": false, "is_coordinates_used_for_interaction": false, "element_coordinates_ratio": [], "element_bounds_ratio": [], "kaneaiMobileTaggingImageLimit": 1, "clicks_order_code": "se_js_ac", "selector": "", "selector_target": "", "manual_interaction_tag": "91", "is_global_variable": false, "is_global_variable_persist": false, "global_variable_id": "", "mobile_browser": true, "wait_for_element_timeout": 0, "failure_condition": "", "parent_instruction_id": "", "version": "v2", "drag_offset": {}, "start_coordinates": {}, "end_coordinates": {}, "sub_instruction_obj": "{\"operation\": \"Click on the SPEED TEST button in the bottom right section of the button grid\", \"thought\": \"The instruction requires click/input/change/sendkeys/drag_drop, which can be done by the Vision Agent.\", \"agent\": \"Vision Agent\", \"operation_dict\": {\"operation_type\": \"CLICK\"}}", "unresolved": false, "_original_index": 16, "global_operation_index": 16}, "17": {"operation_intent": "Click on the speedtest app info popup", "locator": ["//android.webkit.WebView[@resource-id=\"com.lambdatest.proverbial:id/webbrowser\"]"], "operation_type": "CLICK", "value": "", "instruction_id": "f9b7f06d6b9548efa97fa5f5359d1294", "operation_id": "c0209877e45441b5", "optional_flag": false, "max_retries": 0, "retries_delay": 0, "explicit_wait": 0, "implicit_wait": 0, "frame": "", "user_variables": "[]", "operation_start": "2026-01-13 00:32:26.261850", "operation_end": "2026-01-13 00:32:27.666397", "instruction_module_id": "", "instruction_module_name": "", "use_v2_mobile_tagging": false, "hard_assertion": false, "dialog_action": "", "dismiss_dialog": false, "is_coordinates_used_for_interaction": false, "element_coordinates_ratio": [], "element_bounds_ratio": [], "kaneaiMobileTaggingImageLimit": 1, "clicks_order_code": "se_js_ac", "selector": "", "selector_target": "", "manual_interaction_tag": "bu", "is_global_variable": false, "is_global_variable_persist": false, "global_variable_id": "", "mobile_browser": true, "wait_for_element_timeout": 0, "failure_condition": "", "parent_instruction_id": "", "version": "v2", "drag_offset": {}, "start_coordinates": {}, "end_coordinates": {}, "sub_instruction_obj": "{\"operation\": \"Click on the speedtest app info popup\", \"thought\": \"The instruction requires click/input/change/sendkeys/drag_drop, which can be done by the Vision Agent.\", \"agent\": \"Vision Agent\", \"operation_dict\": {\"operation_type\": \"CLICK\"}}", "unresolved": false, "_original_index": 17, "global_operation_index": 17}}, "parameters": {}, "variables": {}, "global_variables": []}