{"max_network_wait": 10, "network_wait_for_all_actions": true, "wait_buffer": 0.2, "main_flow": {"0": {"operation_intent": "Click on the Toast button in the first row left", "locator": ["//XCUIElementTypeButton[@label=\"Toast\"]"], "operation_type": "CLICK", "value": "", "instruction_id": "54e7e264b1984c3f9bc2a8a9ae178afa", "operation_id": "53d3d38d509d46ec", "optional_flag": false, "max_retries": 0, "retries_delay": 0, "explicit_wait": 0, "implicit_wait": 0, "frame": "", "user_variables": "[]", "operation_start": "2026-01-13 00:49:08.039254", "operation_end": "2026-01-13 00:49:09.636127", "instruction_module_id": "", "instruction_module_name": "", "use_v2_mobile_tagging": false, "hard_assertion": false, "dialog_action": "", "dismiss_dialog": false, "is_coordinates_used_for_interaction": false, "element_coordinates_ratio": [], "element_bounds_ratio": [], "kaneaiMobileTaggingImageLimit": 1, "clicks_order_code": "se_js_ac", "selector": "", "selector_target": "", "manual_interaction_tag": "yj", "is_global_variable": false, "is_global_variable_persist": false, "global_variable_id": "", "mobile_browser": true, "wait_for_element_timeout": 0, "failure_condition": "", "parent_instruction_id": "", "version": "v2", "drag_offset": {}, "start_coordinates": {}, "end_coordinates": {}, "sub_instruction_obj": "{\"operation\": \"Click on the Toast button in the first row left\", \"thought\": \"The instruction requires click/input/change/sendkeys/drag_drop, which can be done by the Vision Agent.\", \"agent\": \"Vision Agent\", \"operation_dict\": {\"operation_type\": \"CLICK\"}}", "unresolved": false, "_original_index": 0, "global_operation_index": 0}, "1": {"operation_intent": "Click on the Notification button in the middle right", "locator": ["//XCUIElementTypeButton[@label=\"GeoLocation\"]"], "operation_type": "CLICK", "value": "", "instruction_id": "e7798c4636e34466b5cbab43ecbd72d9", "operation_id": "6664e1ec8ba34e30", "optional_flag": false, "max_retries": 0, "retries_delay": 0, "explicit_wait": 0, "implicit_wait": 0, "frame": "", "user_variables": "[]", "operation_start": "2026-01-13 00:49:10.185722", "operation_end": "2026-01-13 00:49:11.728479", "instruction_module_id": "", "instruction_module_name": "", "use_v2_mobile_tagging": false, "hard_assertion": false, "dialog_action": "", "dismiss_dialog": false, "is_coordinates_used_for_interaction": false, "element_coordinates_ratio": [], "element_bounds_ratio": [], "kaneaiMobileTaggingImageLimit": 1, "clicks_order_code": "se_js_ac", "selector": "", "selector_target": "", "manual_interaction_tag": "s4", "is_global_variable": false, "is_global_variable_persist": false, "global_variable_id": "", "mobile_browser": true, "wait_for_element_timeout": 0, "failure_condition": "", "parent_instruction_id": "", "version": "v2", "drag_offset": {}, "start_coordinates": {}, "end_coordinates": {}, "sub_instruction_obj": "{\"operation\": \"Click on the Notification button in the middle right\", \"thought\": \"The instruction requires click/input/change/sendkeys/drag_drop, which can be done by the Vision Agent.\", \"agent\": \"Vision Agent\", \"operation_dict\": {\"operation_type\": \"CLICK\"}}", "unresolved": false, "_original_index": 1, "global_operation_index": 1}, "2": {"operation_intent": "Click on the Toast button in the middle left", "locator": ["//XCUIElementTypeOther[./XCUIElementTypeButton[@label=\"Notification\"]]"], "operation_type": "CLICK", "value": "", "instruction_id": "1c92dc9c023044a7989b4cff41dc62e7", "operation_id": "f57824b088764b3c", "optional_flag": false, "max_retries": 0, "retries_delay": 0, "explicit_wait": 0, "implicit_wait": 0, "frame": "", "user_variables": "[]", "operation_start": "2026-01-13 00:49:11.112868", "operation_end": "2026-01-13 00:49:12.525680", "instruction_module_id": "", "instruction_module_name": "", "use_v2_mobile_tagging": false, "hard_assertion": false, "dialog_action": "", "dismiss_dialog": false, "is_coordinates_used_for_interaction": false, "element_coordinates_ratio": [], "element_bounds_ratio": [], "kaneaiMobileTaggingImageLimit": 1, "clicks_order_code": "se_js_ac", "selector": "", "selector_target": "", "manual_interaction_tag": "sl", "is_global_variable": false, "is_global_variable_persist": false, "global_variable_id": "", "mobile_browser": true, "wait_for_element_timeout": 0, "failure_condition": "", "parent_instruction_id": "", "version": "v2", "drag_offset": {}, "start_coordinates": {}, "end_coordinates": {}, "sub_instruction_obj": "{\"operation\": \"Click on the Toast button in the middle left\", \"thought\": \"The instruction requires click/input/change/sendkeys/drag_drop, which can be done by the Vision Agent.\", \"agent\": \"Vision Agent\", \"operation_dict\": {\"operation_type\": \"CLICK\"}}", "unresolved": false, "_original_index": 2, "global_operation_index": 2}, "3": {"operation_intent": "Click on the VPN icon in the middle icon grid", "locator": ["//XCUIElementTypeLink[@label=\"VPN VPN\"]"], "operation_type": "CLICK", "value": "", "instruction_id": "f47fc775f9ce4b46b41a91353a1a467a", "operation_id": "9153b17adcdd4d8b", "optional_flag": false, "max_retries": 0, "retries_delay": 0, "explicit_wait": 0, "implicit_wait": 0, "frame": "", "user_variables": "[]", "operation_start": "2026-01-13 00:49:17.211648", "operation_end": "2026-01-13 00:49:19.767135", "instruction_module_id": "", "instruction_module_name": "", "use_v2_mobile_tagging": false, "hard_assertion": false, "dialog_action": "", "dismiss_dialog": false, "is_coordinates_used_for_interaction": false, "element_coordinates_ratio": [], "element_bounds_ratio": [], "kaneaiMobileTaggingImageLimit": 1, "clicks_order_code": "se_js_ac", "selector": "", "selector_target": "", "manual_interaction_tag": "g0", "is_global_variable": false, "is_global_variable_persist": false, "global_variable_id": "", "mobile_browser": true, "wait_for_element_timeout": 0, "failure_condition": "", "parent_instruction_id": "", "version": "v2", "drag_offset": {}, "start_coordinates": {}, "end_coordinates": {}, "sub_instruction_obj": "{\"operation\": \"Click on the VPN icon in the middle icon grid\", \"thought\": \"The instruction requires click/input/change/sendkeys/drag_drop, which can be done by the Vision Agent.\", \"agent\": \"Vision Agent\", \"operation_dict\": {\"operation_type\": \"CLICK\"}}", "unresolved": false, "_original_index": 3, "global_operation_index": 3}, "4": {"operation_intent": "Click on the VPN icon with blue label in the middle icon grid", "locator": ["(//XCUIElementTypeLink[@label=\"VPN\"])[1]"], "operation_type": "CLICK", "value": "", "instruction_id": "3f66b60bd55f4238bb1bec660f19fd01", "operation_id": "2a28601f8ddd4187", "optional_flag": false, "max_retries": 0, "retries_delay": 0, "explicit_wait": 0, "implicit_wait": 0, "frame": "", "user_variables": "[]", "operation_start": "2026-01-13 00:49:19.232206", "operation_end": "2026-01-13 00:49:20.954215", "instruction_module_id": "", "instruction_module_name": "", "use_v2_mobile_tagging": false, "hard_assertion": false, "dialog_action": "", "dismiss_dialog": false, "is_coordinates_used_for_interaction": false, "element_coordinates_ratio": [], "element_bounds_ratio": [], "kaneaiMobileTaggingImageLimit": 1, "clicks_order_code": "se_js_ac", "selector": "", "selector_target": "", "manual_interaction_tag": "11", "is_global_variable": false, "is_global_variable_persist": false, "global_variable_id": "", "mobile_browser": true, "wait_for_element_timeout": 0, "failure_condition": "", "parent_instruction_id": "", "version": "v2", "drag_offset": {}, "start_coordinates": {}, "end_coordinates": {}, "sub_instruction_obj": "{\"operation\": \"Click on the VPN icon with blue label in the middle icon grid\", \"thought\": \"The instruction requires click/input/change/sendkeys/drag_drop, which can be done by the Vision Agent.\", \"agent\": \"Vision Agent\", \"operation_dict\": {\"operation_type\": \"CLICK\"}}", "unresolved": false, "_original_index": 4, "global_operation_index": 4}, "5": {"operation_intent": "Scroll down by 24%", "operation_type": "SCROLL_PERCENTAGE", "scroll_direction": "down", "scroll_value": "24", "mi_scroll_payload": {"startY": 649, "startX": 188, "endY": 418, "endX": 188, "delay": 0.1, "screenHeight": 956, "screenWidth": 440}, "instruction_id": "a32b6bdbb78f4e3b8d905a125e887e44", "operation_id": "d305476c53214a99", "optional_flag": false, "max_retries": 0, "retries_delay": 0, "explicit_wait": 0, "implicit_wait": 0, "frame": "", "user_variables": "[]", "operation_start": "2026-01-13 00:49:24.837923", "operation_end": "2026-01-13 00:49:24.838385", "instruction_module_id": "", "instruction_module_name": "", "use_v2_mobile_tagging": false, "hard_assertion": false, "dialog_action": "", "dismiss_dialog": false, "is_coordinates_used_for_interaction": false, "element_coordinates_ratio": [], "element_bounds_ratio": [], "kaneaiMobileTaggingImageLimit": 1, "clicks_order_code": "se_js_ac", "selector": "", "selector_target": "", "manual_interaction_tag": "i3", "is_global_variable": false, "is_global_variable_persist": false, "global_variable_id": "", "mobile_browser": true, "wait_for_element_timeout": 0, "failure_condition": "", "parent_instruction_id": "", "version": "v2", "drag_offset": {}, "start_coordinates": {}, "end_coordinates": {}, "sub_instruction_obj": "{}", "unresolved": false, "_original_index": 5, "global_operation_index": 5}, "6": {"operation_intent": "Scroll down by 24%", "operation_type": "SCROLL_PERCENTAGE", "scroll_direction": "down", "scroll_value": "24", "mi_scroll_payload": {"startY": 409, "startX": 286, "endY": 176, "endX": 286, "delay": 0.1, "screenHeight": 956, "screenWidth": 440}, "instruction_id": "d4025131409f4364b336dfec16240d9b", "operation_id": "3b5020d0b85c46ce", "optional_flag": false, "max_retries": 0, "retries_delay": 0, "explicit_wait": 0, "implicit_wait": 0, "frame": "", "user_variables": "[]", "operation_start": "2026-01-13 00:49:26.920885", "operation_end": "2026-01-13 00:49:26.921500", "instruction_module_id": "", "instruction_module_name": "", "use_v2_mobile_tagging": false, "hard_assertion": false, "dialog_action": "", "dismiss_dialog": false, "is_coordinates_used_for_interaction": false, "element_coordinates_ratio": [], "element_bounds_ratio": [], "kaneaiMobileTaggingImageLimit": 1, "clicks_order_code": "se_js_ac", "selector": "", "selector_target": "", "manual_interaction_tag": "pa", "is_global_variable": false, "is_global_variable_persist": false, "global_variable_id": "", "mobile_browser": true, "wait_for_element_timeout": 0, "failure_condition": "", "parent_instruction_id": "", "version": "v2", "drag_offset": {}, "start_coordinates": {}, "end_coordinates": {}, "sub_instruction_obj": "{}", "unresolved": false, "_original_index": 6, "global_operation_index": 6}, "7": {"operation_intent": "Scroll down by 26%", "operation_type": "SCROLL_PERCENTAGE", "scroll_direction": "down", "scroll_value": "26", "mi_scroll_payload": {"startY": 409, "startX": 286, "endY": 151, "endX": 286, "delay": 0.1, "screenHeight": 956, "screenWidth": 440}, "instruction_id": "175e244194b54f9c9c0ce6842a8f08e6", "operation_id": "a4de6218a36f414f", "optional_flag": false, "max_retries": 0, "retries_delay": 0, "explicit_wait": 0, "implicit_wait": 0, "frame": "", "user_variables": "[]", "operation_start": "2026-01-13 00:49:27.887257", "operation_end": "2026-01-13 00:49:27.887868", "instruction_module_id": "", "instruction_module_name": "", "use_v2_mobile_tagging": false, "hard_assertion": false, "dialog_action": "", "dismiss_dialog": false, "is_coordinates_used_for_interaction": false, "element_coordinates_ratio": [], "element_bounds_ratio": [], "kaneaiMobileTaggingImageLimit": 1, "clicks_order_code": "se_js_ac", "selector": "", "selector_target": "", "manual_interaction_tag": "sj", "is_global_variable": false, "is_global_variable_persist": false, "global_variable_id": "", "mobile_browser": true, "wait_for_element_timeout": 0, "failure_condition": "", "parent_instruction_id": "", "version": "v2", "drag_offset": {}, "start_coordinates": {}, "end_coordinates": {}, "sub_instruction_obj": "{}", "unresolved": false, "_original_index": 7, "global_operation_index": 7}, "8": {"operation_intent": "Click on the 'Read More' link below article summary", "locator": ["(//XCUIElementTypeLink[@label=\"Read More\"])[2]"], "operation_type": "CLICK", "value": "", "instruction_id": "dd4b83c31aff4eb488088c08d3dd3bf5", "operation_id": "bcc0108ddb1b48ca", "optional_flag": false, "max_retries": 0, "retries_delay": 0, "explicit_wait": 0, "implicit_wait": 0, "frame": "", "user_variables": "[]", "operation_start": "2026-01-13 00:49:32.211630", "operation_end": "2026-01-13 00:49:34.027166", "instruction_module_id": "", "instruction_module_name": "", "use_v2_mobile_tagging": false, "hard_assertion": false, "dialog_action": "", "dismiss_dialog": false, "is_coordinates_used_for_interaction": false, "element_coordinates_ratio": [], "element_bounds_ratio": [], "kaneaiMobileTaggingImageLimit": 1, "clicks_order_code": "se_js_ac", "selector": "", "selector_target": "", "manual_interaction_tag": "85", "is_global_variable": false, "is_global_variable_persist": false, "global_variable_id": "", "mobile_browser": true, "wait_for_element_timeout": 0, "failure_condition": "", "parent_instruction_id": "", "version": "v2", "drag_offset": {}, "start_coordinates": {}, "end_coordinates": {}, "sub_instruction_obj": "{\"operation\": \"Click on the 'Read More' link below article summary\", \"thought\": \"The instruction requires click/input/change/sendkeys/drag_drop, which can be done by the Vision Agent.\", \"agent\": \"Vision Agent\", \"operation_dict\": {\"operation_type\": \"CLICK\"}}", "unresolved": false, "_original_index": 8, "global_operation_index": 8}, "9": {"operation_intent": "Scroll down by 16%", "operation_type": "SCROLL_PERCENTAGE", "scroll_direction": "down", "scroll_value": "16", "mi_scroll_payload": {"startX": 246, "endY": 488, "endX": 246, "screenWidth": 440, "screenHeight": 956, "startY": 641, "delay": 0.1}, "instruction_id": "4323146fe9e548859f04c36b269e5472", "operation_id": "627a90a2901b4b81", "optional_flag": false, "max_retries": 0, "retries_delay": 0, "explicit_wait": 0, "implicit_wait": 0, "frame": "", "user_variables": "[]", "operation_start": "2026-01-13 00:49:34.536659", "operation_end": "2026-01-13 00:49:34.537245", "instruction_module_id": "", "instruction_module_name": "", "use_v2_mobile_tagging": false, "hard_assertion": false, "dialog_action": "", "dismiss_dialog": false, "is_coordinates_used_for_interaction": false, "element_coordinates_ratio": [], "element_bounds_ratio": [], "kaneaiMobileTaggingImageLimit": 1, "clicks_order_code": "se_js_ac", "selector": "", "selector_target": "", "manual_interaction_tag": "qu", "is_global_variable": false, "is_global_variable_persist": false, "global_variable_id": "", "mobile_browser": true, "wait_for_element_timeout": 0, "failure_condition": "", "parent_instruction_id": "", "version": "v2", "drag_offset": {}, "start_coordinates": {}, "end_coordinates": {}, "sub_instruction_obj": "{}", "unresolved": false, "_original_index": 9, "global_operation_index": 9}, "10": {"operation_intent": "Click on the blue circular arrow button in the center", "locator": ["/XCUIElementTypeApplication/*[@type=\"XCUIElementTypeWindow\"][1]/*[@type=\"XCUIElementTypeOther\"]/*[@type=\"XCUIElementTypeOther\"]/*[@type=\"XCUIElementTypeOther\"]/*[@type=\"XCUIElementTypeOther\"]/*[@type=\"XCUIElementTypeOther\"]/*[@type=\"XCUIElementTypeOther\"]/*[@type=\"XCUIElementTypeWebView\"]/*[@type=\"XCUIElementTypeWebView\"]/*[@type=\"XCUIElementTypeWebView\"]/*[@type=\"XCUIElementTypeOther\"]/*[@type=\"XCUIElementTypeOther\"]/*[@type=\"XCUIElementTypeOther\"]/*[@type=\"XCUIElementTypeOther\"]/*[@type=\"XCUIElementTypeOther\"][131]/*[@type=\"XCUIElementTypeOther\"]/*[@type=\"XCUIElementTypeOther\"]/*[@type=\"XCUIElementTypeOther\"]/*[@type=\"XCUIElementTypeOther\"]/*[@type=\"XCUIElementTypeOther\"]/*[@type=\"XCUIElementTypeOther\"]/*[@type=\"XCUIElementTypeLink\"][3]"], "operation_type": "CLICK", "value": "", "instruction_id": "c278d6522e14497e933a2840fbb78610", "operation_id": "0d154fc4e54a47ed", "optional_flag": false, "max_retries": 0, "retries_delay": 0, "explicit_wait": 0, "implicit_wait": 0, "frame": "", "user_variables": "[]", "operation_start": "2026-01-13 00:49:36.748470", "operation_end": "2026-01-13 00:49:38.363405", "instruction_module_id": "", "instruction_module_name": "", "use_v2_mobile_tagging": false, "hard_assertion": false, "dialog_action": "", "dismiss_dialog": false, "is_coordinates_used_for_interaction": false, "element_coordinates_ratio": [], "element_bounds_ratio": [], "kaneaiMobileTaggingImageLimit": 1, "clicks_order_code": "se_js_ac", "selector": "", "selector_target": "", "manual_interaction_tag": "v7", "is_global_variable": false, "is_global_variable_persist": false, "global_variable_id": "", "mobile_browser": true, "wait_for_element_timeout": 0, "failure_condition": "", "parent_instruction_id": "", "version": "v2", "drag_offset": {}, "start_coordinates": {}, "end_coordinates": {}, "sub_instruction_obj": "{\"operation\": \"Click on the blue circular arrow button in the center\", \"thought\": \"The instruction requires click/input/change/sendkeys/drag_drop, which can be done by the Vision Agent.\", \"agent\": \"Vision Agent\", \"operation_dict\": {\"operation_type\": \"CLICK\"}}", "unresolved": false, "_original_index": 10, "global_operation_index": 10}, "11": {"operation_intent": "Click on the 'Close' button in the top right corner of the ad banner", "locator": ["//XCUIElementTypeButton[@label=\"Close ad\"]"], "operation_type": "CLICK", "value": "", "instruction_id": "1f2ebf2d1e74431b9d0a89638e7f5da3", "operation_id": "f5d0d6d21b71483a", "optional_flag": false, "max_retries": 0, "retries_delay": 0, "explicit_wait": 0, "implicit_wait": 0, "frame": "", "user_variables": "[]", "operation_start": "2026-01-13 00:49:39.791111", "operation_end": "2026-01-13 00:49:41.488998", "instruction_module_id": "", "instruction_module_name": "", "use_v2_mobile_tagging": false, "hard_assertion": false, "dialog_action": "", "dismiss_dialog": false, "is_coordinates_used_for_interaction": false, "element_coordinates_ratio": [], "element_bounds_ratio": [], "kaneaiMobileTaggingImageLimit": 1, "clicks_order_code": "se_js_ac", "selector": "", "selector_target": "", "manual_interaction_tag": "rn", "is_global_variable": false, "is_global_variable_persist": false, "global_variable_id": "", "mobile_browser": true, "wait_for_element_timeout": 0, "failure_condition": "", "parent_instruction_id": "", "version": "v2", "drag_offset": {}, "start_coordinates": {}, "end_coordinates": {}, "sub_instruction_obj": "{\"operation\": \"Click on the 'Close' button in the top right corner of the ad banner\", \"thought\": \"The instruction requires click/input/change/sendkeys/drag_drop, which can be done by the Vision Agent.\", \"agent\": \"Vision Agent\", \"operation_dict\": {\"operation_type\": \"CLICK\"}}", "unresolved": false, "_original_index": 11, "global_operation_index": 11}, "12": {"operation_intent": "Scroll up by 1%", "operation_type": "SCROLL_PERCENTAGE", "scroll_direction": "up", "scroll_value": "1", "mi_scroll_payload": {"startX": 320, "endY": 301, "endX": 320, "screenWidth": 440, "screenHeight": 956, "startY": 285, "delay": 0.1}, "instruction_id": "6578b60cf1f447da8ec61519ce6eac9d", "operation_id": "a89be117218c444c", "optional_flag": false, "max_retries": 0, "retries_delay": 0, "explicit_wait": 0, "implicit_wait": 0, "frame": "", "user_variables": "[]", "operation_start": "2026-01-13 00:49:43.618900", "operation_end": "2026-01-13 00:49:43.619343", "instruction_module_id": "", "instruction_module_name": "", "use_v2_mobile_tagging": false, "hard_assertion": false, "dialog_action": "", "dismiss_dialog": false, "is_coordinates_used_for_interaction": false, "element_coordinates_ratio": [], "element_bounds_ratio": [], "kaneaiMobileTaggingImageLimit": 1, "clicks_order_code": "se_js_ac", "selector": "", "selector_target": "", "manual_interaction_tag": "4d", "is_global_variable": false, "is_global_variable_persist": false, "global_variable_id": "", "mobile_browser": true, "wait_for_element_timeout": 0, "failure_condition": "", "parent_instruction_id": "", "version": "v2", "drag_offset": {}, "start_coordinates": {}, "end_coordinates": {}, "sub_instruction_obj": "{}", "unresolved": false, "_original_index": 12, "global_operation_index": 12}, "13": {"operation_intent": "Click on the Back button in the top left corner", "locator": ["//XCUIElementTypeButton[@label=\"Back\"]"], "operation_type": "CLICK", "value": "", "instruction_id": "16d792c945384406be50e05901c8e14f", "operation_id": "249edfb91614496d", "optional_flag": false, "max_retries": 0, "retries_delay": 0, "explicit_wait": 0, "implicit_wait": 0, "frame": "", "user_variables": "[]", "operation_start": "2026-01-13 00:49:45.207750", "operation_end": "2026-01-13 00:49:46.630938", "instruction_module_id": "", "instruction_module_name": "", "use_v2_mobile_tagging": false, "hard_assertion": false, "dialog_action": "", "dismiss_dialog": false, "is_coordinates_used_for_interaction": false, "element_coordinates_ratio": [], "element_bounds_ratio": [], "kaneaiMobileTaggingImageLimit": 1, "clicks_order_code": "se_js_ac", "selector": "", "selector_target": "", "manual_interaction_tag": "gp", "is_global_variable": false, "is_global_variable_persist": false, "global_variable_id": "", "mobile_browser": true, "wait_for_element_timeout": 0, "failure_condition": "", "parent_instruction_id": "", "version": "v2", "drag_offset": {}, "start_coordinates": {}, "end_coordinates": {}, "sub_instruction_obj": "{\"operation\": \"Click on the Back button in the top left corner\", \"thought\": \"The instruction requires click/input/change/sendkeys/drag_drop, which can be done by the Vision Agent.\", \"agent\": \"Vision Agent\", \"operation_dict\": {\"operation_type\": \"CLICK\"}}", "unresolved": false, "_original_index": 13, "global_operation_index": 13}, "14": {"operation_intent": "Click on the 'Text' button in the middle left section", "locator": ["//XCUIElementTypeButton[@label=\"Text\"]"], "operation_type": "CLICK", "value": "", "instruction_id": "a9c04b7d85da4af4bb7ab014f7485051", "operation_id": "01be4fd6d99d4478", "optional_flag": false, "max_retries": 0, "retries_delay": 0, "explicit_wait": 0, "implicit_wait": 0, "frame": "", "user_variables": "[]", "operation_start": "2026-01-13 00:49:47.921516", "operation_end": "2026-01-13 00:49:49.366017", "instruction_module_id": "", "instruction_module_name": "", "use_v2_mobile_tagging": false, "hard_assertion": false, "dialog_action": "", "dismiss_dialog": false, "is_coordinates_used_for_interaction": false, "element_coordinates_ratio": [], "element_bounds_ratio": [], "kaneaiMobileTaggingImageLimit": 1, "clicks_order_code": "se_js_ac", "selector": "", "selector_target": "", "manual_interaction_tag": "uc", "is_global_variable": false, "is_global_variable_persist": false, "global_variable_id": "", "mobile_browser": true, "wait_for_element_timeout": 0, "failure_condition": "", "parent_instruction_id": "", "version": "v2", "drag_offset": {}, "start_coordinates": {}, "end_coordinates": {}, "sub_instruction_obj": "{\"operation\": \"Click on the 'Text' button in the middle left section\", \"thought\": \"The instruction requires click/input/change/sendkeys/drag_drop, which can be done by the Vision Agent.\", \"agent\": \"Vision Agent\", \"operation_dict\": {\"operation_type\": \"CLICK\"}}", "unresolved": false, "_original_index": 14, "global_operation_index": 14}, "15": {"operation_intent": "Click on the GeoLocation button in the middle right section", "locator": ["//XCUIElementTypeButton[@label=\"GeoLocation\"]"], "operation_type": "CLICK", "value": "", "instruction_id": "90762abf208b4fb4b95aa4508288fe4a", "operation_id": "453064ee3a9847e2", "optional_flag": false, "max_retries": 0, "retries_delay": 0, "explicit_wait": 0, "implicit_wait": 0, "frame": "", "user_variables": "[]", "operation_start": "2026-01-13 00:49:53.909791", "operation_end": "2026-01-13 00:49:55.250733", "instruction_module_id": "", "instruction_module_name": "", "use_v2_mobile_tagging": false, "hard_assertion": false, "dialog_action": "", "dismiss_dialog": false, "is_coordinates_used_for_interaction": false, "element_coordinates_ratio": [], "element_bounds_ratio": [], "kaneaiMobileTaggingImageLimit": 1, "clicks_order_code": "se_js_ac", "selector": "", "selector_target": "", "manual_interaction_tag": "4q", "is_global_variable": false, "is_global_variable_persist": false, "global_variable_id": "", "mobile_browser": true, "wait_for_element_timeout": 0, "failure_condition": "", "parent_instruction_id": "", "version": "v2", "drag_offset": {}, "start_coordinates": {}, "end_coordinates": {}, "sub_instruction_obj": "{\"operation\": \"Click on the GeoLocation button in the middle right section\", \"thought\": \"The instruction requires click/input/change/sendkeys/drag_drop, which can be done by the Vision Agent.\", \"agent\": \"Vision Agent\", \"operation_dict\": {\"operation_type\": \"CLICK\"}}", "unresolved": false, "_original_index": 15, "global_operation_index": 15}, "16": {"operation_intent": "Click on the 'Back' button in the top left corner", "locator": ["//XCUIElementTypeButton[@label=\"Back\"]"], "operation_type": "CLICK", "value": "", "instruction_id": "00618d782729462cbeb31b27ff57366d", "operation_id": "b0382295b5c64b7f", "optional_flag": false, "max_retries": 0, "retries_delay": 0, "explicit_wait": 0, "implicit_wait": 0, "frame": "", "user_variables": "[]", "operation_start": "2026-01-13 00:49:56.899327", "operation_end": "2026-01-13 00:49:58.219681", "instruction_module_id": "", "instruction_module_name": "", "use_v2_mobile_tagging": false, "hard_assertion": false, "dialog_action": "", "dismiss_dialog": false, "is_coordinates_used_for_interaction": false, "element_coordinates_ratio": [], "element_bounds_ratio": [], "kaneaiMobileTaggingImageLimit": 1, "clicks_order_code": "se_js_ac", "selector": "", "selector_target": "", "manual_interaction_tag": "x1", "is_global_variable": false, "is_global_variable_persist": false, "global_variable_id": "", "mobile_browser": true, "wait_for_element_timeout": 0, "failure_condition": "", "parent_instruction_id": "", "version": "v2", "drag_offset": {}, "start_coordinates": {}, "end_coordinates": {}, "sub_instruction_obj": "{\"operation\": \"Click on the 'Back' button in the top left corner\", \"thought\": \"The instruction requires click/input/change/sendkeys/drag_drop, which can be done by the Vision Agent.\", \"agent\": \"Vision Agent\", \"operation_dict\": {\"operation_type\": \"CLICK\"}}", "unresolved": false, "_original_index": 16, "global_operation_index": 16}, "17": {"operation_intent": "Click on Speed Test button in bottom right group of buttons", "locator": ["//XCUIElementTypeApplication[@label=\"Proverbial\"]"], "operation_type": "CLICK", "value": "", "instruction_id": "1bc04379e6c1406ea7964f15f55fa1c0", "operation_id": "5383e7d967064a7f", "optional_flag": false, "max_retries": 0, "retries_delay": 0, "explicit_wait": 0, "implicit_wait": 0, "frame": "", "user_variables": "[]", "operation_start": "2026-01-13 00:50:00.368566", "operation_end": "2026-01-13 00:50:01.761215", "instruction_module_id": "", "instruction_module_name": "", "use_v2_mobile_tagging": false, "hard_assertion": false, "dialog_action": "", "dismiss_dialog": false, "is_coordinates_used_for_interaction": false, "element_coordinates_ratio": [], "element_bounds_ratio": [], "kaneaiMobileTaggingImageLimit": 1, "clicks_order_code": "se_js_ac", "selector": "", "selector_target": "", "manual_interaction_tag": "hy", "is_global_variable": false, "is_global_variable_persist": false, "global_variable_id": "", "mobile_browser": true, "wait_for_element_timeout": 0, "failure_condition": "", "parent_instruction_id": "", "version": "v2", "drag_offset": {}, "start_coordinates": {}, "end_coordinates": {}, "sub_instruction_obj": "{\"operation\": \"Click on Speed Test button in bottom right group of buttons\", \"thought\": \"The instruction requires click/input/change/sendkeys/drag_drop, which can be done by the Vision Agent.\", \"agent\": \"Vision Agent\", \"operation_dict\": {\"operation_type\": \"CLICK\"}}", "unresolved": false, "_original_index": 17, "global_operation_index": 17}, "18": {"operation_intent": "Click on the Continue button in the privacy policy popup", "locator": ["(//XCUIElementTypeOther[@label=\"Horizontal scroll bar, 1 page\" and @value=\"0%\"])[1]"], "operation_type": "CLICK", "value": "", "instruction_id": "25fed84ec2c94252b2650fe53bec525e", "operation_id": "a61c6192943a49eb", "optional_flag": false, "max_retries": 0, "retries_delay": 0, "explicit_wait": 0, "implicit_wait": 0, "frame": "", "user_variables": "[]", "operation_start": "2026-01-13 00:50:05.295714", "operation_end": "2026-01-13 00:50:06.905250", "instruction_module_id": "", "instruction_module_name": "", "use_v2_mobile_tagging": false, "hard_assertion": false, "dialog_action": "", "dismiss_dialog": false, "is_coordinates_used_for_interaction": false, "element_coordinates_ratio": [], "element_bounds_ratio": [], "kaneaiMobileTaggingImageLimit": 1, "clicks_order_code": "se_js_ac", "selector": "", "selector_target": "", "manual_interaction_tag": "b3", "is_global_variable": false, "is_global_variable_persist": false, "global_variable_id": "", "mobile_browser": true, "wait_for_element_timeout": 0, "failure_condition": "", "parent_instruction_id": "", "version": "v2", "drag_offset": {}, "start_coordinates": {}, "end_coordinates": {}, "sub_instruction_obj": "{\"operation\": \"Click on the Continue button in the privacy policy popup\", \"thought\": \"The instruction requires click/input/change/sendkeys/drag_drop, which can be done by the Vision Agent.\", \"agent\": \"Vision Agent\", \"operation_dict\": {\"operation_type\": \"CLICK\"}}", "unresolved": false, "_original_index": 18, "global_operation_index": 18}}, "parameters": {}, "variables": {}, "global_variables": []}